gender,age,parental_education,lunch,study_group,extracurricular,study_hours,attendance_pct,sleep_hours,math_score,reading_score,writing_score,average_score
Male,16,High School,Free/Reduced,Yes,No,5.3,77.2,7.1,46.0,56.4,44.5,49.0
Female,15,PhD,Standard,Yes,No,2.5,94.4,6.7,89.8,88.7,78.0,85.5
Male,16,Bachelors,Standard,No,No,3.4,65.4,7.5,58.9,49.1,54.3,54.1
Male,18,Masters,Standard,Yes,No,3.5,85.8,5.2,68.3,83.3,77.5,76.4
Male,17,High School,Standard,Yes,No,2.5,89.0,5.9,49.8,69.3,50.4,56.5
Female,16,Masters,Free/Reduced,No,No,5.3,90.9,6.7,73.6,88.9,71.4,78.0
Male,15,Bachelors,Free/Reduced,No,No,3.2,85.1,9.1,80.6,81.0,93.8,85.1
Male,18,High School,Standard,No,Yes,4.2,76.0,6.7,68.5,62.2,55.6,62.1
Male,18,PhD,Standard,Yes,No,3.6,85.2,8.1,72.0,66.4,61.1,66.5
Female,17,High School,Free/Reduced,No,No,6.1,64.1,6.8,66.6,56.1,78.3,67.0
Male,18,High School,Standard,Yes,Yes,5.9,83.3,6.2,66.3,68.4,64.6,66.4
Male,18,PhD,Standard,Yes,No,4.0,79.4,6.5,93.1,100.0,89.2,94.1
Male,18,PhD,Standard,No,No,6.2,67.5,6.6,86.8,88.7,75.2,83.6
Male,18,Bachelors,Free/Reduced,Yes,Yes,8.5,97.3,7.5,51.1,56.5,52.6,53.4
Female,15,Bachelors,Free/Reduced,No,No,1.2,54.7,8.4,35.9,49.9,38.2,41.3
Male,17,Bachelors,Standard,No,No,3.5,87.1,7.2,78.0,77.7,67.2,74.3
Female,16,High School,Standard,Yes,No,2.8,95.8,8.2,67.1,86.4,64.0,72.5
Female,18,High School,Free/Reduced,No,Yes,3.3,77.6,5.6,37.7,56.6,33.0,42.4
Female,15,Bachelors,Free/Reduced,Yes,Yes,1.1,79.4,6.3,48.0,49.9,48.0,48.6
Male,17,Masters,Standard,No,Yes,1.2,82.6,5.9,44.2,42.6,33.3,40.0
Female,16,Masters,Free/Reduced,No,No,0.7,91.4,7.2,58.3,66.9,66.3,63.8
Male,17,Masters,Standard,No,Yes,3.6,96.5,6.4,96.0,96.2,100.0,97.4
Female,15,High School,Standard,No,No,3.6,65.4,7.7,66.3,60.0,61.4,62.6
Female,15,Bachelors,Free/Reduced,Yes,Yes,9.1,99.0,5.7,99.8,100.0,96.1,98.6
Female,15,High School,Standard,No,Yes,5.1,88.8,6.9,75.1,87.8,72.0,78.3
Female,18,Bachelors,Standard,Yes,No,1.2,89.1,7.6,77.7,82.0,69.5,76.4
Female,15,Bachelors,Standard,No,No,6.1,78.0,4.3,85.8,78.7,80.2,81.6
Female,16,Masters,Standard,No,Yes,15.0,81.6,9.3,100.0,95.4,98.1,97.8
Female,18,Bachelors,Free/Reduced,Yes,Yes,1.2,89.3,6.5,55.4,59.3,66.3,60.3
Female,17,High School,Standard,No,Yes,10.5,60.3,4.4,78.1,77.1,83.7,79.6
Male,16,High School,Free/Reduced,Yes,No,4.7,81.7,7.0,74.5,74.7,79.9,76.4
Male,18,Masters,Standard,No,No,3.8,88.0,6.8,68.7,79.9,69.6,72.7
Female,15,Bachelors,Standard,No,Yes,3.5,80.6,6.7,58.6,67.5,47.7,57.9
Female,17,High School,Standard,No,Yes,5.6,94.2,8.0,70.4,84.4,68.1,74.3
Female,15,High School,Free/Reduced,No,Yes,4.8,56.4,7.7,57.1,52.2,62.9,57.4
Male,16,Masters,Standard,Yes,No,4.8,73.3,7.2,79.9,80.1,67.8,75.9
Female,16,High School,Free/Reduced,Yes,No,3.6,43.8,7.3,35.3,44.3,38.4,39.3
Male,18,Masters,Standard,Yes,Yes,5.7,83.1,6.7,100.0,100.0,100.0,100.0
Male,16,Masters,Free/Reduced,Yes,No,4.8,95.5,8.9,70.5,85.8,77.0,77.8
Male,17,High School,Standard,Yes,Yes,11.0,74.1,5.0,75.0,81.4,84.3,80.2
Male,18,High School,Free/Reduced,No,Yes,5.0,88.5,7.0,49.2,67.0,48.9,55.0
Male,17,PhD,Free/Reduced,No,No,8.8,78.6,6.8,100.0,100.0,100.0,100.0
Female,15,Bachelors,Free/Reduced,No,No,4.3,97.9,7.8,67.4,78.9,59.6,68.6
Female,17,Bachelors,Free/Reduced,Yes,No,4.6,70.8,5.8,51.8,52.2,56.1,53.4
Female,17,Masters,Free/Reduced,No,No,4.5,77.6,4.7,68.4,71.5,71.6,70.5
Female,16,PhD,Standard,No,Yes,5.3,68.6,7.0,85.3,95.6,85.6,88.8
Female,15,PhD,Standard,Yes,No,7.3,95.9,7.1,91.2,100.0,99.7,97.0
Male,16,Masters,Standard,No,Yes,3.7,72.2,8.6,77.2,86.0,70.8,78.0
Female,15,Bachelors,Free/Reduced,No,No,2.9,93.2,5.3,47.3,49.6,43.8,46.9
Female,15,High School,Standard,Yes,Yes,7.6,61.8,8.2,65.7,79.7,64.4,69.9
Male,17,Masters,Free/Reduced,No,No,7.3,80.7,9.6,49.4,34.9,39.2,41.2
Female,16,Bachelors,Standard,No,Yes,9.5,79.7,6.3,67.0,58.6,66.8,64.1
Male,17,Bachelors,Standard,Yes,Yes,3.4,89.0,5.3,86.0,94.4,70.2,83.5
Female,17,PhD,Standard,No,No,4.2,94.8,6.3,95.2,98.3,100.0,97.8
Male,17,High School,Free/Reduced,No,Yes,7.7,83.9,6.8,64.4,72.2,62.8,66.5
Female,15,Bachelors,Standard,No,No,3.7,64.0,7.5,81.3,84.9,75.2,80.5
Female,16,High School,Standard,No,Yes,6.5,73.5,6.1,63.0,70.5,54.3,62.6
Male,16,Bachelors,Standard,No,Yes,4.3,63.6,8.7,60.7,57.2,56.9,58.3
Male,17,High School,Standard,No,Yes,5.6,96.0,5.5,66.2,73.8,69.8,69.9
Male,15,High School,Standard,No,Yes,2.4,92.0,4.7,53.2,64.2,55.6,57.7
Male,16,High School,Standard,Yes,No,5.0,76.3,8.1,65.1,77.9,57.5,66.8
Male,18,Bachelors,Free/Reduced,No,Yes,0.5,82.7,4.1,55.4,74.5,46.7,58.9
Male,16,Masters,Standard,No,No,8.4,85.9,6.6,86.0,90.9,89.2,88.7
Male,17,Bachelors,Standard,No,No,7.0,89.4,10.0,79.7,84.9,72.0,78.9
Male,18,PhD,Standard,Yes,Yes,2.8,90.6,6.8,89.8,80.6,88.3,86.2
Female,15,Bachelors,Standard,No,No,10.6,92.0,5.5,87.7,86.4,86.7,86.9
Female,18,High School,Standard,Yes,No,8.2,64.8,6.7,62.9,64.3,63.4,63.5
Male,18,Masters,Standard,Yes,No,2.5,75.9,6.7,57.7,69.1,62.5,63.1
Female,17,High School,Standard,Yes,Yes,3.6,87.7,7.0,67.9,66.0,55.8,63.2
Female,16,PhD,Standard,Yes,Yes,2.6,92.2,7.6,79.1,88.5,61.8,76.5
Female,15,High School,Free/Reduced,No,No,5.7,91.1,5.6,58.0,61.0,51.4,56.8
Female,18,PhD,Free/Reduced,No,No,3.5,71.2,8.8,63.4,64.9,75.8,68.0
Male,17,High School,Free/Reduced,Yes,No,1.4,78.4,7.1,76.7,81.7,90.9,83.1
Female,16,Masters,Standard,No,Yes,4.6,77.5,7.7,61.2,61.1,73.9,65.4
Male,18,Bachelors,Standard,No,No,7.4,86.5,6.0,55.6,55.2,52.1,54.3
Female,17,PhD,Standard,No,No,5.0,93.6,8.3,84.9,74.3,68.7,76.0
Female,17,High School,Standard,Yes,No,6.3,70.5,6.5,64.6,65.6,43.9,58.0
Female,17,Bachelors,Free/Reduced,No,Yes,5.3,50.3,7.1,60.0,59.2,53.1,57.4
Male,15,PhD,Standard,No,No,6.8,90.7,5.7,89.0,87.8,85.4,87.4
Female,16,Bachelors,Standard,No,Yes,5.5,95.1,5.6,84.3,90.6,92.7,89.2
Male,18,Bachelors,Standard,Yes,Yes,4.5,88.1,7.6,60.8,69.0,65.7,65.2
Female,16,Bachelors,Free/Reduced,Yes,No,5.0,82.4,6.3,59.6,64.4,59.4,61.1
Male,16,Bachelors,Standard,No,Yes,9.6,80.5,5.8,83.7,94.7,74.6,84.3
Female,18,Bachelors,Standard,No,Yes,6.4,82.4,6.0,79.7,87.3,70.0,79.0
Male,16,Bachelors,Standard,No,Yes,2.8,83.9,7.6,88.4,89.1,88.5,88.7
Male,15,PhD,Standard,No,No,5.0,78.5,6.0,86.1,85.4,89.7,87.1
Female,18,High School,Standard,Yes,No,5.6,91.0,6.7,71.0,76.5,72.1,73.2
Male,18,High School,Standard,No,Yes,4.4,67.1,6.8,50.5,58.1,40.3,49.6
Female,17,PhD,Standard,No,No,1.4,69.8,4.5,55.9,70.0,59.1,61.7
Female,16,Masters,Standard,Yes,No,2.9,89.4,5.0,65.0,77.6,66.4,69.7
Female,18,Bachelors,Standard,No,Yes,3.8,94.5,7.2,77.5,76.1,66.9,73.5
Female,18,Bachelors,Standard,No,No,11.2,84.7,5.9,87.3,89.5,79.1,85.3
Female,15,High School,Standard,Yes,No,6.1,83.8,8.1,58.6,66.9,62.1,62.5
Female,17,High School,Free/Reduced,No,No,1.9,43.6,8.0,35.9,47.5,32.0,38.5
Female,18,Bachelors,Free/Reduced,Yes,Yes,4.5,78.5,7.7,74.2,84.7,84.9,81.3
Female,15,Bachelors,Standard,No,No,8.9,80.6,9.0,81.6,84.1,83.7,83.1
Female,18,Bachelors,Standard,No,No,3.5,90.6,6.7,73.7,66.7,67.8,69.4
Female,18,High School,Standard,No,Yes,7.8,91.4,7.6,79.0,74.0,76.9,76.6
Female,18,PhD,Standard,No,Yes,1.9,94.1,6.1,88.4,93.6,86.9,89.6
Male,15,PhD,Free/Reduced,Yes,Yes,0.6,87.0,9.7,63.6,69.3,55.7,62.9
Male,16,Bachelors,Standard,No,Yes,8.4,92.0,9.2,75.0,69.2,65.7,70.0
Female,18,Bachelors,Free/Reduced,No,No,3.7,62.8,6.8,45.5,48.9,49.1,47.8
Female,18,High School,Standard,Yes,Yes,1.5,73.2,7.3,61.0,69.0,65.8,65.3
Female,16,Masters,Standard,No,Yes,3.9,72.8,8.4,45.5,39.3,48.3,44.4
Female,18,Bachelors,Free/Reduced,No,No,5.3,60.9,6.6,56.1,67.9,66.2,63.4
Female,17,High School,Free/Reduced,Yes,Yes,6.0,91.0,6.0,60.8,60.8,54.5,58.7
Female,18,PhD,Free/Reduced,No,No,0.9,84.6,7.8,48.6,61.6,60.0,56.7
Female,17,Masters,Free/Reduced,No,Yes,3.3,55.3,6.9,48.0,46.7,38.8,44.5
Female,16,PhD,Standard,Yes,Yes,4.9,80.3,7.0,91.2,86.0,81.1,86.1
Male,15,Masters,Free/Reduced,No,Yes,6.0,65.1,5.8,66.0,65.3,49.9,60.4
Female,16,Bachelors,Standard,Yes,Yes,2.7,89.0,4.7,65.6,67.8,60.0,64.5
Male,18,Bachelors,Free/Reduced,Yes,Yes,4.3,58.5,7.1,63.1,63.0,57.1,61.1
Female,17,PhD,Standard,Yes,No,3.5,87.6,7.9,82.3,83.6,84.5,83.5
Female,15,Masters,Free/Reduced,No,No,5.3,77.3,6.5,78.7,84.4,78.7,80.6
Male,18,High School,Standard,No,Yes,8.3,72.2,8.5,71.2,72.8,59.7,67.9
Female,15,High School,Standard,Yes,No,4.0,79.2,6.0,48.5,51.0,43.4,47.6
Male,15,Bachelors,Standard,No,No,2.1,94.5,5.5,78.5,67.9,73.6,73.3
Female,18,Masters,Free/Reduced,No,No,3.2,63.1,6.7,61.9,68.0,45.7,58.5
Female,16,PhD,Standard,Yes,Yes,10.5,69.4,6.7,88.7,91.0,78.8,86.2
Male,18,High School,Standard,No,Yes,2.9,88.3,7.7,48.9,64.8,40.8,51.5
Female,18,Bachelors,Standard,No,Yes,2.4,84.2,5.9,65.7,61.2,75.2,67.4
Male,16,Bachelors,Standard,No,No,3.8,51.8,8.4,58.8,47.4,58.4,54.9
Female,17,PhD,Free/Reduced,No,No,4.5,80.4,9.2,82.9,90.8,86.2,86.6
Male,18,Masters,Standard,No,Yes,3.6,82.4,6.8,68.3,74.1,54.3,65.6
Male,15,Masters,Free/Reduced,No,Yes,1.9,77.8,8.3,49.7,44.6,57.2,50.5
Female,18,Bachelors,Standard,No,No,5.6,92.0,5.5,79.8,70.5,88.2,79.5
Female,18,Bachelors,Standard,No,No,5.3,78.4,8.1,79.8,95.1,61.8,78.9
Male,15,High School,Free/Reduced,Yes,No,6.7,92.7,8.1,69.0,83.3,61.4,71.2
Female,16,High School,Free/Reduced,No,No,5.3,76.2,7.8,63.5,46.6,65.5,58.5
Female,17,Masters,Standard,No,Yes,10.1,65.9,6.8,84.6,84.0,87.8,85.5
Female,17,Masters,Standard,Yes,No,7.0,89.9,3.3,79.8,96.1,72.4,82.8
Male,15,PhD,Free/Reduced,Yes,No,6.3,85.2,6.0,89.0,88.2,84.6,87.3
Male,16,PhD,Standard,No,Yes,8.4,86.1,6.0,93.3,92.4,86.5,90.7
Male,18,Bachelors,Free/Reduced,No,No,5.1,90.0,5.6,59.6,60.4,58.5,59.5
Male,18,Masters,Free/Reduced,No,No,4.3,78.5,6.9,78.5,72.5,86.1,79.0
Male,18,PhD,Free/Reduced,No,Yes,5.6,92.8,6.3,50.3,39.7,42.2,44.1
Male,18,Masters,Standard,Yes,No,1.4,71.3,5.8,85.6,97.0,91.6,91.4
Male,18,High School,Free/Reduced,No,No,5.1,79.2,5.5,35.6,23.9,27.4,29.0
Male,15,Bachelors,Standard,Yes,No,4.5,82.5,5.9,64.6,69.6,55.8,63.3
Male,18,High School,Standard,No,Yes,5.9,84.9,8.1,67.1,77.2,71.6,72.0
Female,18,PhD,Standard,No,Yes,7.9,50.4,6.0,76.4,67.8,81.8,75.3
Male,16,Bachelors,Standard,No,No,6.4,97.7,6.2,85.9,81.6,90.8,86.1
Female,18,High School,Free/Reduced,No,Yes,3.2,82.6,6.3,39.9,52.6,27.4,40.0
Female,17,Bachelors,Free/Reduced,Yes,No,7.2,78.0,7.2,74.7,82.0,69.0,75.2
Female,15,Bachelors,Free/Reduced,No,No,10.2,58.8,7.3,66.2,64.2,70.8,67.1
Male,15,Bachelors,Standard,No,Yes,8.0,84.8,3.1,72.4,85.0,70.7,76.0
Male,15,High School,Standard,No,No,2.2,48.6,8.0,49.5,62.2,38.9,50.2
Male,17,Bachelors,Standard,Yes,No,6.3,71.1,8.5,75.4,80.6,77.1,77.7
Male,18,Bachelors,Free/Reduced,No,Yes,2.4,72.9,5.5,44.8,40.6,37.1,40.8
Female,15,Masters,Standard,No,No,4.1,72.8,5.6,62.8,62.5,75.2,66.8
Male,17,Bachelors,Free/Reduced,Yes,No,5.8,89.7,6.3,71.7,77.0,82.0,76.9
Male,16,Masters,Standard,Yes,No,5.4,82.8,5.9,87.7,89.2,90.5,89.1
Male,18,Bachelors,Standard,No,No,7.9,72.5,7.1,70.5,81.0,79.4,77.0
Male,17,Bachelors,Free/Reduced,No,No,10.2,62.6,4.5,57.1,47.9,55.6,53.5
Male,18,Masters,Standard,Yes,No,6.1,65.5,5.5,81.4,72.4,85.5,79.8
Female,16,Bachelors,Free/Reduced,Yes,No,3.9,89.4,8.6,63.7,68.2,73.5,68.5
Male,17,High School,Free/Reduced,Yes,No,1.4,87.4,5.7,57.7,56.7,57.6,57.3
Female,18,High School,Standard,Yes,No,8.9,74.4,8.3,67.4,65.4,63.4,65.4
Male,17,Masters,Standard,No,Yes,4.5,98.1,7.2,60.7,49.6,45.1,51.8
Female,15,Bachelors,Standard,No,No,4.7,85.8,4.6,59.5,62.7,56.9,59.7
Male,18,Masters,Free/Reduced,No,Yes,4.9,78.7,7.6,60.1,62.7,64.7,62.5
Male,17,High School,Standard,No,Yes,6.0,72.5,6.7,63.8,72.0,69.3,68.4
Female,15,High School,Standard,Yes,Yes,6.0,90.4,6.3,65.1,68.7,67.2,67.0
Female,16,High School,Standard,No,No,4.8,78.1,7.1,69.3,71.2,62.9,67.8
Female,18,Bachelors,Free/Reduced,No,No,4.5,67.6,7.4,56.4,68.9,38.6,54.6
Male,18,Bachelors,Standard,No,No,3.4,39.6,7.6,59.8,52.3,53.8,55.3
Female,16,Bachelors,Free/Reduced,No,No,3.2,92.4,8.2,61.5,68.8,57.0,62.4
Male,15,Bachelors,Free/Reduced,Yes,No,3.2,84.8,7.3,65.4,55.0,60.9,60.4
Male,16,PhD,Standard,No,No,4.5,76.3,5.1,72.3,68.5,75.2,72.0
Female,18,High School,Standard,Yes,No,2.9,93.9,6.2,69.1,62.3,82.9,71.4
Female,17,Bachelors,Free/Reduced,No,Yes,4.8,91.4,10.0,40.5,49.7,39.4,43.2
Male,15,Masters,Standard,Yes,Yes,3.9,94.1,7.7,94.3,96.8,90.6,93.9
Male,15,Bachelors,Free/Reduced,Yes,No,2.3,88.2,9.6,54.8,57.7,50.7,54.4
Female,15,Bachelors,Standard,No,No,5.0,73.9,8.5,54.7,48.8,53.6,52.4
Female,16,Masters,Standard,Yes,Yes,3.4,93.5,7.1,80.3,80.9,71.7,77.6
Female,16,PhD,Free/Reduced,No,Yes,6.0,85.8,7.2,67.2,64.1,66.2,65.8
Male,17,High School,Standard,Yes,No,2.4,81.9,6.8,68.2,74.2,69.8,70.7
Male,17,PhD,Standard,No,Yes,1.6,95.9,4.7,90.4,85.4,90.0,88.6
Male,15,Bachelors,Standard,No,No,4.5,66.9,6.8,57.8,71.4,59.5,62.9
Male,17,High School,Standard,No,No,3.8,70.8,8.3,61.8,51.4,63.3,58.8
Male,16,Bachelors,Standard,Yes,Yes,2.2,78.7,6.1,47.0,43.5,30.8,40.4
Male,17,PhD,Standard,Yes,Yes,7.0,92.8,7.3,96.7,100.0,99.7,98.8
Female,16,Bachelors,Free/Reduced,Yes,No,2.7,67.4,7.8,49.2,48.8,41.9,46.6
Male,17,High School,Standard,Yes,No,3.1,72.8,5.7,52.3,44.8,41.6,46.2
Male,18,Bachelors,Free/Reduced,No,No,7.6,84.7,6.3,57.4,62.1,46.6,55.4
Male,16,High School,Standard,No,No,6.2,77.9,5.6,70.8,70.0,72.3,71.0
Female,18,High School,Free/Reduced,No,Yes,2.5,71.3,5.8,55.0,51.3,51.2,52.5
Male,16,High School,Standard,No,No,4.0,86.8,5.3,59.2,53.5,43.8,52.2
Male,17,High School,Free/Reduced,No,No,2.4,69.4,5.7,35.4,60.5,37.2,44.4
Female,18,High School,Standard,No,No,7.4,84.6,8.5,86.2,87.2,72.7,82.0
Male,17,High School,Standard,Yes,Yes,7.4,73.4,5.7,62.4,50.0,61.5,58.0
Male,16,Bachelors,Standard,No,No,10.9,85.8,7.0,65.3,80.3,65.3,70.3
Male,18,High School,Standard,No,No,13.0,90.0,6.2,89.9,97.8,95.0,94.2
Male,15,High School,Standard,No,Yes,3.4,84.2,8.2,49.6,46.4,61.8,52.6
Male,17,Masters,Standard,Yes,Yes,6.8,94.9,8.4,96.2,91.7,83.3,90.4
Female,16,Bachelors,Free/Reduced,No,No,1.4,43.7,7.8,41.7,50.1,39.3,43.7
Female,18,Bachelors,Standard,No,Yes,5.2,93.6,7.2,80.4,81.4,76.2,79.3
Female,17,High School,Standard,No,Yes,5.9,80.6,6.5,79.6,67.2,81.0,75.9
Male,18,High School,Standard,No,Yes,2.8,87.2,5.4,44.1,61.4,43.9,49.8
Male,17,High School,Free/Reduced,Yes,No,3.3,91.5,9.1,50.0,49.6,45.2,48.3
Male,17,High School,Standard,No,No,7.4,77.2,5.9,66.5,81.4,60.9,69.6
Female,17,High School,Standard,Yes,No,6.0,94.4,7.6,90.5,100.0,79.6,90.0
Male,18,High School,Standard,No,Yes,10.2,69.8,8.1,68.8,63.8,74.7,69.1
Male,18,High School,Free/Reduced,Yes,No,9.7,84.0,6.1,65.3,76.5,66.9,69.6
Female,17,High School,Free/Reduced,No,No,1.7,60.8,8.0,48.3,46.1,53.7,49.4
Male,15,Bachelors,Standard,No,No,3.6,84.8,7.7,62.7,50.8,58.3,57.3
Female,15,High School,Free/Reduced,Yes,No,4.8,51.6,8.9,47.1,46.7,39.9,44.6
Female,15,Bachelors,Free/Reduced,No,Yes,6.9,89.4,6.2,51.9,58.0,41.2,50.4
Female,16,Bachelors,Standard,Yes,No,4.8,96.8,5.3,97.2,96.5,98.1,97.3
Male,15,Bachelors,Free/Reduced,No,Yes,2.7,87.5,6.2,42.5,43.1,32.2,39.3
Male,18,High School,Standard,No,No,3.0,80.0,7.1,56.2,68.3,69.0,64.5
Male,15,Masters,Standard,No,Yes,8.6,58.2,6.9,79.3,83.2,66.9,76.5
Male,18,Bachelors,Standard,Yes,Yes,3.8,94.3,6.3,91.8,88.0,91.9,90.6
Male,16,High School,Standard,No,Yes,1.3,96.8,4.5,38.9,47.6,49.5,45.3
Male,18,Masters,Standard,No,No,2.6,74.6,7.4,88.8,93.3,91.6,91.2
Male,18,PhD,Free/Reduced,Yes,Yes,11.3,66.4,9.2,93.3,76.1,92.7,87.4
Female,18,High School,Standard,No,No,7.7,82.0,7.4,77.0,83.4,67.2,75.9
Male,15,High School,Standard,Yes,Yes,2.3,88.9,7.5,54.7,60.8,41.6,52.4
Female,17,Masters,Standard,No,Yes,5.2,86.1,7.5,84.2,87.3,88.3,86.6
Male,18,Masters,Free/Reduced,Yes,No,7.5,93.6,7.3,74.4,84.5,84.4,81.1
Male,15,High School,Standard,No,Yes,1.7,62.1,7.9,64.8,62.4,59.2,62.1
Male,15,High School,Standard,No,Yes,7.9,77.6,7.3,62.4,68.1,51.3,60.6
Female,15,Bachelors,Standard,Yes,No,6.0,96.4,6.4,77.9,68.4,56.3,67.5
Female,17,Bachelors,Standard,Yes,Yes,3.2,69.6,5.8,58.8,65.1,49.0,57.6
Female,17,Bachelors,Free/Reduced,Yes,Yes,6.4,73.9,6.5,57.5,76.1,54.6,62.7
Female,17,Bachelors,Free/Reduced,No,Yes,5.5,60.9,7.2,67.4,62.4,78.2,69.3
Male,17,Bachelors,Standard,Yes,No,5.7,89.7,6.4,82.2,79.1,85.5,82.3
Female,16,Masters,Free/Reduced,No,No,5.1,80.0,7.2,80.2,77.5,80.6,79.4
Male,17,High School,Standard,Yes,No,2.9,47.1,7.3,38.6,42.6,33.4,38.2
Male,17,High School,Free/Reduced,Yes,No,3.2,94.6,7.8,70.0,64.5,63.4,66.0
Female,17,Masters,Standard,No,Yes,4.2,76.6,8.3,96.8,100.0,100.0,98.9
Female,18,Masters,Standard,Yes,Yes,4.9,81.9,6.9,74.7,84.5,74.4,77.9
Female,18,Bachelors,Standard,No,No,6.6,82.0,5.2,89.4,96.7,70.6,85.6
Female,17,Bachelors,Free/Reduced,No,Yes,11.4,74.1,6.4,73.5,62.4,66.2,67.4
Female,16,High School,Standard,No,Yes,5.4,94.6,6.9,54.6,65.6,45.8,55.3
Female,18,Bachelors,Standard,No,Yes,6.6,92.9,4.6,68.3,78.8,61.9,69.7
Female,15,Bachelors,Standard,No,Yes,7.3,79.2,8.5,85.4,95.0,87.9,89.4
Female,18,High School,Free/Reduced,Yes,No,6.8,81.5,7.0,57.0,63.0,54.1,58.0
Male,15,High School,Standard,Yes,Yes,2.8,80.8,7.3,57.6,62.3,54.9,58.3
Female,18,Bachelors,Free/Reduced,Yes,No,9.0,81.8,8.4,82.1,93.3,90.6,88.7
Female,17,High School,Free/Reduced,No,Yes,8.3,79.1,6.0,62.3,80.7,54.7,65.9
Male,18,High School,Standard,Yes,No,5.1,76.4,7.5,74.9,70.3,87.8,77.7
Female,17,High School,Free/Reduced,No,Yes,2.9,86.1,6.7,53.9,65.5,46.5,55.3
Male,17,High School,Standard,No,Yes,4.8,90.1,6.6,69.9,72.2,68.6,70.2
Male,18,High School,Free/Reduced,No,No,1.8,83.9,5.9,41.8,43.8,37.6,41.1
Female,15,Masters,Standard,No,No,9.6,95.2,8.8,91.0,81.7,90.0,87.6
Male,15,Bachelors,Free/Reduced,Yes,Yes,3.4,76.9,6.3,50.5,51.2,52.0,51.2
Male,18,Bachelors,Free/Reduced,No,Yes,4.1,92.4,7.6,76.6,71.6,78.1,75.4
Male,17,Masters,Free/Reduced,No,Yes,9.2,81.5,4.5,66.0,65.3,58.0,63.1
Male,15,Bachelors,Free/Reduced,Yes,Yes,8.7,81.1,6.8,87.0,81.2,76.0,81.4
Female,16,High School,Standard,Yes,Yes,5.7,90.6,8.1,69.9,69.3,87.9,75.7
Male,17,Bachelors,Standard,No,No,10.3,90.6,6.9,88.2,88.0,82.4,86.2
Female,18,Bachelors,Free/Reduced,No,Yes,2.8,95.1,6.5,53.8,57.5,57.3,56.2
Male,17,Masters,Standard,No,Yes,5.7,87.8,7.3,69.5,59.6,54.6,61.2
Male,16,Bachelors,Standard,No,No,2.8,89.8,9.5,45.6,37.0,41.4,41.3
Male,16,High School,Free/Reduced,No,No,8.1,89.5,4.7,50.2,56.1,47.2,51.2
Male,15,High School,Free/Reduced,No,No,7.9,96.9,7.7,65.1,61.7,66.9,64.6
Female,16,Bachelors,Free/Reduced,No,Yes,10.6,89.2,5.7,77.8,89.4,54.0,73.7
Female,17,Bachelors,Standard,Yes,Yes,4.8,84.9,6.8,84.5,89.3,83.8,85.9
Male,15,Bachelors,Free/Reduced,No,No,12.1,73.2,6.5,73.6,81.5,62.4,72.5
Male,16,Bachelors,Standard,No,Yes,2.7,77.8,6.3,53.3,67.6,53.9,58.3
Female,15,PhD,Free/Reduced,No,Yes,4.6,69.9,6.8,53.2,53.7,42.9,49.9
Male,15,Bachelors,Standard,No,No,2.7,81.5,5.4,65.5,63.9,56.7,62.0
Male,18,High School,Free/Reduced,No,No,5.3,55.0,8.0,65.5,75.4,61.3,67.4
Male,15,High School,Free/Reduced,No,No,2.9,92.4,4.6,60.3,67.4,49.9,59.2
Female,15,High School,Standard,No,Yes,8.1,74.5,7.4,79.3,80.8,73.5,77.9
Female,16,High School,Free/Reduced,No,Yes,4.8,79.0,6.4,63.9,78.0,52.3,64.7
Female,17,High School,Standard,No,No,2.5,54.0,5.4,65.1,66.4,48.5,60.0
Male,17,High School,Free/Reduced,Yes,Yes,7.2,90.2,7.0,71.6,74.9,77.8,74.8
Male,16,High School,Free/Reduced,No,No,9.9,86.6,4.9,71.8,74.9,59.4,68.7
Female,17,High School,Standard,Yes,No,6.3,81.7,6.8,68.4,63.9,65.0,65.8
Female,15,Masters,Free/Reduced,Yes,No,2.1,83.3,5.1,46.2,49.8,50.2,48.7
Female,18,High School,Free/Reduced,No,Yes,4.4,90.5,7.4,51.3,65.4,44.3,53.7
Female,15,Bachelors,Standard,No,Yes,6.7,40.4,5.7,62.7,69.3,54.1,62.0
Male,15,Bachelors,Standard,No,No,4.2,78.8,6.3,66.9,70.1,66.7,67.9
Female,18,PhD,Free/Reduced,No,No,2.6,91.3,7.2,87.4,89.1,94.3,90.3
Male,16,High School,Free/Reduced,No,No,8.5,61.9,5.9,59.5,65.2,48.2,57.6
Female,15,Bachelors,Free/Reduced,No,Yes,4.1,63.7,6.7,67.5,76.5,64.3,69.4
Male,15,PhD,Free/Reduced,No,Yes,9.9,89.3,5.0,76.8,84.7,60.9,74.1
Female,16,Masters,Standard,Yes,No,3.6,69.3,7.6,71.2,71.6,66.1,69.6
Female,15,Masters,Free/Reduced,Yes,No,4.0,85.2,8.9,54.4,60.0,52.6,55.7
Female,15,High School,Standard,Yes,No,3.4,66.1,10.0,48.7,55.5,39.9,48.0
Female,17,High School,Standard,No,Yes,4.4,85.1,6.9,68.9,63.9,63.3,65.4
Male,16,Bachelors,Standard,Yes,No,6.0,73.5,7.7,76.3,80.7,63.1,73.4
Female,15,PhD,Standard,Yes,No,2.7,84.6,4.7,82.1,67.8,80.7,76.9
Male,15,Bachelors,Standard,Yes,No,2.4,66.7,8.6,65.0,71.8,71.4,69.4
Male,18,Bachelors,Standard,No,Yes,1.7,89.2,7.7,61.0,69.3,50.2,60.2
Male,18,High School,Free/Reduced,Yes,Yes,1.6,64.5,6.2,67.6,76.6,60.6,68.3
Male,18,Masters,Standard,No,No,2.1,81.6,8.3,66.5,66.3,68.5,67.1
Female,15,High School,Standard,Yes,Yes,3.6,75.0,6.5,74.0,79.5,81.7,78.4
Male,15,High School,Standard,No,No,5.2,93.8,6.3,62.1,76.5,48.2,62.3
Male,18,Bachelors,Standard,Yes,No,5.8,85.0,7.4,85.6,99.9,82.3,89.3
Male,17,Bachelors,Standard,Yes,Yes,5.1,76.3,5.5,79.3,82.1,79.6,80.3
Female,17,High School,Standard,No,No,9.4,97.0,8.0,81.6,85.7,78.8,82.0
Female,17,High School,Standard,Yes,Yes,10.8,69.2,5.5,53.8,65.7,32.0,50.5
Female,17,Bachelors,Free/Reduced,Yes,No,4.1,83.8,5.5,61.3,52.3,63.3,59.0
Female,16,High School,Standard,Yes,No,2.7,70.1,5.7,69.3,69.7,79.4,72.8
Male,18,Bachelors,Standard,Yes,Yes,12.4,69.1,7.7,97.2,100.0,96.1,97.8
Male,15,High School,Standard,Yes,Yes,8.4,58.1,6.1,74.6,85.4,64.3,74.8
Female,18,Bachelors,Free/Reduced,Yes,Yes,8.1,98.1,5.2,56.7,62.6,50.6,56.6
Male,17,Bachelors,Standard,No,Yes,3.5,81.2,6.1,57.3,48.2,69.4,58.3
Male,15,High School,Standard,No,No,7.2,69.0,6.8,71.3,73.9,76.5,73.9
Male,16,High School,Standard,No,No,5.1,84.1,5.4,65.6,63.9,68.7,66.1
Female,18,High School,Standard,Yes,Yes,4.6,80.6,5.4,75.6,81.2,76.4,77.7
Female,15,High School,Standard,No,Yes,4.6,94.9,9.3,61.9,58.4,54.6,58.3
Male,15,PhD,Standard,Yes,Yes,6.1,57.8,5.8,82.4,77.2,78.8,79.5
Female,17,High School,Standard,Yes,No,9.5,76.0,6.4,77.8,64.3,75.2,72.4
Female,17,Masters,Standard,No,Yes,13.0,76.0,6.4,83.9,96.7,86.3,89.0
Female,18,High School,Standard,Yes,No,3.8,90.1,6.3,43.1,42.9,53.2,46.4
Female,16,Bachelors,Free/Reduced,Yes,No,5.3,52.4,7.5,66.6,70.9,73.6,70.4
Female,15,Masters,Free/Reduced,No,No,4.5,85.8,7.9,69.3,72.3,56.0,65.9
Male,17,Bachelors,Free/Reduced,No,Yes,5.9,96.2,6.4,60.6,55.0,60.4,58.7
Female,18,Bachelors,Free/Reduced,No,No,4.2,63.1,5.3,36.1,29.0,40.0,35.0
Male,17,Bachelors,Standard,No,Yes,11.9,95.0,8.3,97.1,92.1,100.0,96.4
Male,18,High School,Standard,No,Yes,3.3,97.8,6.7,60.4,57.7,53.4,57.2
Female,17,PhD,Standard,Yes,No,3.8,77.7,8.9,83.0,89.0,100.0,90.7
Male,16,Masters,Standard,Yes,No,3.5,95.6,4.1,90.3,86.9,78.0,85.1
Male,15,PhD,Free/Reduced,Yes,Yes,4.4,91.3,7.0,54.9,71.8,44.2,57.0
Male,17,High School,Standard,No,Yes,2.2,87.4,9.1,49.0,60.2,48.8,52.7
Female,15,Masters,Free/Reduced,No,Yes,3.6,90.3,6.4,62.4,71.8,77.3,70.5
Female,18,PhD,Standard,No,Yes,5.9,60.4,6.5,90.7,92.7,82.0,88.5
Male,16,High School,Free/Reduced,No,Yes,5.9,69.6,7.2,40.5,55.6,36.4,44.2
Female,15,High School,Standard,No,Yes,5.4,89.9,6.1,84.7,85.9,91.3,87.3
Female,17,Masters,Standard,Yes,No,9.1,67.3,6.4,87.1,89.8,84.9,87.3
Female,15,Bachelors,Standard,No,No,6.0,71.3,6.4,68.6,72.9,63.9,68.5
Female,15,Masters,Standard,No,No,9.0,73.9,6.0,79.9,88.5,82.5,83.6
Male,18,High School,Standard,No,No,13.0,90.4,8.3,82.3,90.4,82.5,85.1
Male,16,Masters,Standard,Yes,Yes,7.3,93.1,7.4,99.7,98.9,100.0,99.5
Female,16,High School,Free/Reduced,No,No,2.2,86.6,7.1,40.1,38.8,48.4,42.4
Female,15,High School,Standard,Yes,No,5.5,46.9,7.8,66.3,74.4,66.8,69.2
Male,15,High School,Standard,Yes,No,5.1,83.6,6.5,64.3,73.0,64.6,67.3
Male,18,Masters,Standard,Yes,No,9.9,81.0,5.9,81.9,81.8,81.7,81.8
Female,15,Bachelors,Free/Reduced,No,No,4.8,98.0,6.1,88.6,78.9,90.5,86.0
Male,18,Bachelors,Standard,No,No,3.0,85.6,6.8,70.1,71.4,68.5,70.0
Female,16,Bachelors,Standard,Yes,Yes,3.7,86.7,5.5,74.8,82.8,72.8,76.8
Female,16,Masters,Standard,Yes,No,2.3,81.4,6.2,82.0,99.5,89.6,90.4
Male,18,Bachelors,Standard,No,No,0.6,92.2,6.2,45.4,38.8,55.5,46.6
Male,15,Masters,Free/Reduced,Yes,No,11.9,86.2,9.3,100.0,100.0,90.9,97.0
Female,16,Bachelors,Standard,Yes,No,4.8,80.8,3.5,40.2,40.1,38.2,39.5
Female,17,Bachelors,Standard,No,Yes,2.4,88.2,6.6,56.7,70.6,49.2,58.8
Male,18,Bachelors,Free/Reduced,No,Yes,10.4,82.6,8.9,70.1,72.8,65.6,69.5
Female,16,High School,Standard,Yes,No,11.2,97.2,6.9,93.8,89.6,95.0,92.8
Male,16,Masters,Standard,Yes,No,5.2,87.3,7.7,84.4,91.9,87.8,88.0
Female,16,Bachelors,Standard,Yes,No,2.2,79.9,6.9,65.1,64.9,62.2,64.1
Male,17,High School,Free/Reduced,No,Yes,3.7,88.0,6.0,52.1,45.3,34.8,44.1
Male,17,Masters,Standard,No,Yes,4.2,73.4,4.1,54.8,50.7,45.1,50.2
Male,17,Bachelors,Free/Reduced,No,No,4.9,77.7,7.0,46.6,63.5,51.8,54.0
Female,15,Bachelors,Standard,Yes,No,2.6,91.6,5.9,75.2,81.2,51.2,69.2
Female,18,PhD,Standard,No,No,7.6,88.4,5.8,91.9,95.7,99.4,95.7
Male,15,Bachelors,Standard,Yes,No,1.2,80.8,6.2,78.5,79.5,80.7,79.6
Female,17,High School,Free/Reduced,No,No,8.3,64.8,8.9,51.4,56.8,60.0,56.1
Male,18,PhD,Standard,No,Yes,9.1,84.9,9.7,93.8,99.0,90.2,94.3
Male,15,Bachelors,Free/Reduced,No,No,3.9,80.3,7.1,57.0,62.3,38.5,52.6
Female,15,High School,Free/Reduced,No,Yes,4.6,73.2,6.2,63.7,67.6,65.2,65.5
Female,15,High School,Standard,No,Yes,9.7,95.6,5.4,86.2,96.2,94.4,92.3
Male,17,Masters,Standard,Yes,No,6.6,61.3,7.4,82.5,85.7,87.9,85.4
Female,16,Bachelors,Standard,No,No,4.0,73.2,8.9,60.6,55.8,53.3,56.6
Female,18,Bachelors,Standard,Yes,Yes,4.3,94.8,6.5,84.2,82.3,82.8,83.1
Male,17,Masters,Free/Reduced,No,No,6.2,72.5,3.9,67.5,54.7,61.3,61.2
Male,18,Masters,Free/Reduced,Yes,Yes,11.4,68.2,7.6,79.5,98.8,71.0,83.1
Female,17,High School,Standard,Yes,Yes,4.3,74.0,8.0,51.9,61.8,57.6,57.1
Male,15,High School,Standard,No,Yes,3.9,92.5,6.8,56.1,52.5,44.5,51.0
Male,15,High School,Free/Reduced,Yes,Yes,4.9,84.6,7.0,76.3,77.0,67.1,73.5
Female,16,Masters,Standard,No,No,4.9,75.6,7.3,86.3,84.2,75.5,82.0
Male,16,High School,Free/Reduced,No,Yes,5.6,80.9,6.7,46.2,61.6,32.3,46.7
Male,18,Bachelors,Standard,Yes,No,4.6,92.7,5.9,61.7,53.3,60.8,58.6
Female,16,Masters,Free/Reduced,Yes,No,8.5,71.5,8.0,91.3,95.3,98.6,95.1
Female,16,Masters,Standard,No,Yes,2.9,72.3,6.3,55.1,57.2,51.6,54.6
Male,18,High School,Standard,Yes,No,5.9,86.9,5.0,72.3,81.9,58.3,70.8
Male,17,Masters,Standard,No,Yes,6.1,77.4,4.3,64.7,66.9,69.4,67.0
Female,16,High School,Standard,No,No,3.0,68.5,6.8,72.0,61.0,83.5,72.2
Female,17,Masters,Standard,No,Yes,5.9,79.2,7.5,71.1,72.0,63.9,69.0
Female,15,High School,Free/Reduced,No,Yes,6.1,65.2,6.9,67.1,62.4,61.3,63.6
Female,16,Bachelors,Free/Reduced,No,Yes,0.9,85.9,6.8,53.1,56.7,55.2,55.0
Male,15,Masters,Standard,No,Yes,2.7,84.9,6.2,71.0,85.4,81.9,79.4
Female,15,High School,Standard,Yes,Yes,10.1,96.3,5.5,61.7,50.8,55.6,56.0
Female,17,High School,Standard,Yes,No,3.5,89.7,6.3,42.8,39.4,30.1,37.4
Male,18,Masters,Standard,No,No,2.4,72.0,4.3,57.9,56.5,60.9,58.4
Female,16,Masters,Standard,No,No,1.5,65.5,5.9,62.8,62.7,67.2,64.2
Male,17,Bachelors,Standard,No,No,2.6,67.4,6.4,48.6,57.5,46.6,50.9
Female,18,Bachelors,Standard,No,Yes,4.5,77.3,7.5,58.8,60.4,52.4,57.2
Female,15,Bachelors,Standard,No,Yes,2.3,90.6,6.8,70.8,77.1,76.7,74.9
Female,16,High School,Standard,No,Yes,6.7,97.3,7.8,78.7,76.7,80.9,78.8
Male,15,High School,Standard,No,Yes,3.0,79.5,8.4,56.7,61.5,48.5,55.6
Male,15,High School,Free/Reduced,Yes,No,5.6,67.1,8.1,66.6,75.8,65.0,69.1
Female,16,PhD,Standard,No,No,9.4,87.0,7.4,81.6,78.7,68.8,76.4
Male,18,Bachelors,Free/Reduced,Yes,Yes,9.1,91.1,6.8,75.4,84.6,78.9,79.6
Male,18,Bachelors,Standard,No,Yes,5.6,95.1,5.6,88.2,91.6,84.1,88.0
Male,16,Bachelors,Standard,No,No,2.5,77.9,7.7,64.8,76.2,59.3,66.8
Male,16,PhD,Free/Reduced,No,No,4.7,48.4,8.8,62.9,64.3,60.6,62.6
Male,17,High School,Free/Reduced,Yes,Yes,5.7,41.1,7.2,77.2,83.2,75.5,78.6
Male,17,Bachelors,Free/Reduced,Yes,No,14.2,66.7,9.1,70.6,73.3,75.8,73.2
Female,15,Bachelors,Standard,No,No,1.5,80.8,5.0,64.4,66.6,67.1,66.0
Female,16,Bachelors,Standard,Yes,Yes,4.7,94.1,5.4,89.3,94.4,86.1,89.9
Male,18,High School,Free/Reduced,No,Yes,6.5,76.2,7.8,56.7,64.0,60.8,60.5
Female,15,Masters,Standard,Yes,No,5.1,93.0,7.1,91.3,84.3,92.5,89.4
Female,15,PhD,Standard,Yes,No,5.4,88.3,8.4,75.4,89.9,70.0,78.4
Female,15,Bachelors,Standard,Yes,No,3.1,74.0,6.8,60.7,48.9,57.7,55.8
Female,15,Bachelors,Standard,No,Yes,7.6,88.7,5.8,79.9,77.4,76.7,78.0
Male,18,PhD,Free/Reduced,No,Yes,4.9,83.7,6.5,78.6,80.9,80.7,80.1
Female,15,Masters,Standard,Yes,No,5.4,92.4,6.8,89.3,95.6,84.4,89.8
Female,16,High School,Standard,Yes,No,8.0,82.2,5.4,88.3,100.0,83.2,90.5
Male,17,Bachelors,Standard,No,Yes,4.1,86.9,8.0,68.9,57.0,82.6,69.5
Male,18,Bachelors,Standard,Yes,No,8.8,56.5,7.8,91.5,90.4,97.0,93.0
Female,16,Bachelors,Standard,No,No,2.3,92.3,7.2,63.1,49.1,55.0,55.7
Female,16,Masters,Standard,No,No,5.5,83.4,4.7,80.7,83.9,83.2,82.6
Female,16,PhD,Standard,Yes,No,3.0,88.3,6.4,80.6,85.7,79.5,81.9
Female,17,PhD,Free/Reduced,Yes,No,2.6,68.9,5.3,66.9,82.6,68.0,72.5
Female,17,Bachelors,Standard,No,Yes,11.3,92.6,8.2,93.2,97.2,92.3,94.2
Female,17,High School,Standard,No,No,2.3,63.1,6.1,35.3,46.7,42.8,41.6
Male,16,PhD,Free/Reduced,No,Yes,4.9,77.4,5.5,55.5,63.2,56.3,58.3
Female,17,Masters,Free/Reduced,Yes,No,2.2,93.5,6.8,67.6,67.1,65.1,66.6
Female,15,High School,Standard,No,Yes,8.6,91.6,6.0,56.9,48.6,63.2,56.2
Male,17,PhD,Standard,Yes,No,3.8,67.6,8.6,84.3,89.5,84.2,86.0
Male,18,Masters,Standard,No,Yes,8.0,76.2,5.9,88.3,79.3,87.2,84.9
Male,16,Bachelors,Free/Reduced,No,Yes,6.4,86.1,5.1,65.9,79.2,66.4,70.5
Male,16,Bachelors,Free/Reduced,Yes,Yes,13.1,96.2,4.2,72.8,74.5,70.0,72.4
Female,15,Bachelors,Free/Reduced,Yes,Yes,2.0,92.4,6.8,74.6,87.1,72.7,78.1
Female,17,High School,Standard,Yes,No,2.7,87.8,6.1,82.2,81.4,75.5,79.7
Female,17,High School,Free/Reduced,Yes,No,7.7,83.6,5.1,64.9,70.0,56.9,63.9
Female,18,Masters,Standard,Yes,No,5.7,59.6,8.2,81.3,86.0,71.3,79.5
Female,15,High School,Standard,Yes,Yes,4.2,56.7,7.6,64.2,66.8,51.0,60.7
Female,18,High School,Standard,No,Yes,11.9,75.1,6.8,86.0,85.5,77.0,82.8
Male,18,Bachelors,Free/Reduced,No,Yes,4.8,75.3,8.4,58.6,64.7,55.2,59.5
Female,16,Bachelors,Standard,Yes,Yes,3.1,74.3,7.6,68.8,64.4,67.6,66.9
Male,16,PhD,Free/Reduced,No,No,8.0,65.5,5.8,82.0,75.3,77.9,78.4
Male,17,High School,Standard,Yes,Yes,4.9,49.7,5.6,81.4,94.3,60.5,78.7
Female,17,High School,Standard,No,Yes,5.0,66.6,7.8,47.9,56.7,58.5,54.4
Male,18,Masters,Standard,Yes,Yes,6.7,99.3,7.3,87.7,91.3,94.4,91.1
Female,17,Bachelors,Standard,No,Yes,6.8,87.8,7.0,64.9,81.3,66.5,70.9
Male,18,High School,Free/Reduced,No,No,2.7,57.1,5.8,58.3,59.1,71.5,63.0
Female,17,Bachelors,Standard,No,No,4.1,95.3,7.5,66.7,80.3,56.9,68.0
Male,17,High School,Free/Reduced,No,Yes,2.1,66.4,5.9,28.6,33.0,41.7,34.4
Female,16,High School,Free/Reduced,Yes,Yes,5.7,62.8,6.7,64.0,58.8,54.3,59.0
Female,16,Bachelors,Free/Reduced,No,Yes,11.2,44.9,8.5,86.9,100.0,86.8,91.2
Female,16,Bachelors,Standard,Yes,Yes,2.8,94.1,6.8,75.9,86.8,63.7,75.5
Female,16,PhD,Standard,Yes,Yes,1.9,90.3,4.9,74.4,76.4,72.5,74.4
Female,15,Bachelors,Standard,Yes,No,3.4,83.8,5.5,71.4,80.2,72.5,74.7
Male,16,Bachelors,Free/Reduced,No,No,4.2,93.2,8.0,77.3,77.1,74.1,76.2
Male,15,Bachelors,Free/Reduced,Yes,No,6.9,73.5,7.1,61.4,71.0,65.1,65.8
Male,16,High School,Standard,No,Yes,4.0,75.4,6.6,58.6,42.5,57.4,52.8
Female,17,Bachelors,Free/Reduced,No,Yes,5.7,86.0,6.2,59.0,53.8,52.8,55.2
Male,18,High School,Standard,No,No,3.6,86.7,7.4,51.5,62.3,45.0,52.9
Female,17,PhD,Standard,No,No,4.3,75.6,5.8,70.3,71.3,74.8,72.1
Female,17,High School,Standard,No,No,3.0,94.4,7.2,73.9,78.6,66.7,73.1
Male,15,Bachelors,Free/Reduced,Yes,Yes,2.5,72.6,5.9,61.1,53.4,66.5,60.3
Male,16,High School,Standard,Yes,No,7.0,96.1,5.7,80.3,98.1,88.1,88.8
Female,18,PhD,Free/Reduced,Yes,Yes,3.8,91.4,6.0,73.7,86.2,58.3,72.7
Male,18,Bachelors,Free/Reduced,Yes,No,6.0,92.2,6.3,75.1,76.5,82.2,77.9
Female,16,Bachelors,Free/Reduced,Yes,No,3.0,53.9,6.7,46.7,46.4,61.1,51.4
Female,15,High School,Standard,Yes,No,4.8,68.9,7.1,62.5,73.8,62.6,66.3
Female,15,Masters,Standard,No,Yes,1.2,67.8,3.0,54.7,73.6,57.5,61.9
Female,15,High School,Standard,No,No,3.9,74.9,5.8,60.1,70.8,66.4,65.8
Female,18,Masters,Standard,Yes,Yes,3.2,84.3,6.3,77.1,97.4,72.9,82.5
Male,15,High School,Standard,No,Yes,8.4,67.3,8.6,67.5,63.1,67.0,65.9
Male,15,High School,Free/Reduced,Yes,Yes,2.3,65.4,5.5,42.6,39.0,30.1,37.2
Female,18,High School,Standard,No,No,4.4,74.6,7.0,93.2,86.7,92.3,90.7
Female,18,Bachelors,Standard,No,Yes,5.7,68.7,8.6,77.3,83.8,79.2,80.1
Male,17,Bachelors,Standard,No,Yes,7.8,83.1,6.8,77.9,82.3,80.1,80.1
Male,18,High School,Standard,No,No,7.3,43.1,7.3,60.6,62.4,67.1,63.4
Female,16,Masters,Standard,No,Yes,4.6,89.5,5.8,68.9,78.4,60.7,69.3
Male,18,Bachelors,Standard,No,No,5.0,85.7,6.2,68.3,81.2,62.0,70.5
Female,18,Bachelors,Free/Reduced,No,Yes,8.4,80.5,5.8,71.2,62.0,84.4,72.5
Male,15,Bachelors,Standard,No,Yes,4.6,86.0,5.9,49.1,47.3,45.9,47.4
Female,17,Bachelors,Free/Reduced,No,No,5.2,89.6,10.0,44.3,53.8,43.9,47.3
Male,15,Bachelors,Free/Reduced,Yes,Yes,8.5,87.0,7.8,71.1,70.4,68.6,70.0
Female,17,High School,Standard,Yes,No,14.0,92.0,8.1,96.2,92.8,87.6,92.2
Male,15,High School,Free/Reduced,Yes,No,5.5,78.5,7.4,59.9,71.1,70.9,67.3
Male,16,Masters,Standard,No,No,6.2,78.9,4.9,87.8,80.4,81.5,83.2
Female,15,PhD,Free/Reduced,No,No,7.2,69.3,7.3,60.6,61.2,49.6,57.1
Male,15,Bachelors,Standard,Yes,Yes,8.5,39.2,8.1,66.7,72.3,61.1,66.7
Female,16,High School,Free/Reduced,No,Yes,7.9,93.3,5.8,79.0,77.4,61.0,72.5
Male,16,Bachelors,Free/Reduced,No,No,3.5,69.4,8.0,57.4,66.7,50.2,58.1
Female,18,Bachelors,Free/Reduced,No,No,5.6,91.3,7.6,76.3,74.7,66.5,72.5
Male,15,High School,Free/Reduced,No,No,7.9,76.0,9.0,81.0,95.3,84.0,86.8
Female,16,High School,Standard,No,No,9.4,92.6,6.3,69.9,71.9,62.5,68.1
Male,16,Masters,Standard,Yes,No,4.4,71.6,5.5,71.2,79.6,76.3,75.7
Female,18,Bachelors,Standard,No,No,5.6,88.8,6.4,69.6,78.6,78.8,75.7
Male,17,High School,Standard,Yes,Yes,5.9,81.1,8.5,50.1,48.1,54.4,50.9
Female,16,High School,Free/Reduced,No,No,4.9,73.9,4.6,45.6,32.2,41.9,39.9
Female,16,High School,Standard,Yes,No,5.5,74.2,4.3,70.4,76.3,69.6,72.1
Female,15,Bachelors,Free/Reduced,No,Yes,1.2,63.6,6.9,54.0,57.6,39.8,50.5
Male,18,High School,Standard,No,No,15.0,80.3,6.3,94.9,100.0,91.8,95.6
Female,15,High School,Free/Reduced,Yes,No,4.3,87.3,6.8,55.9,57.1,47.0,53.3
Male,17,Masters,Standard,No,No,4.5,97.6,7.9,71.6,71.2,75.2,72.7
Female,18,High School,Free/Reduced,No,Yes,1.7,71.9,6.1,56.4,75.5,75.0,69.0
Male,15,Bachelors,Free/Reduced,No,Yes,1.6,64.2,4.6,39.1,30.3,41.1,36.8
Female,16,High School,Standard,No,No,6.1,56.6,9.3,61.8,70.6,43.8,58.7
Male,16,High School,Standard,No,No,8.0,61.2,5.6,66.2,64.6,61.3,64.0
Male,18,High School,Free/Reduced,Yes,Yes,7.2,80.1,5.5,77.0,77.3,75.9,76.7
Female,16,Masters,Standard,Yes,Yes,3.0,75.4,8.1,82.6,83.1,81.3,82.3
Male,15,Masters,Standard,Yes,No,7.0,83.5,6.3,70.6,67.2,62.8,66.9
Male,18,Masters,Standard,No,Yes,4.5,61.4,6.7,57.3,64.9,57.3,59.8
Female,16,Bachelors,Standard,Yes,No,3.9,84.5,7.4,79.3,93.4,67.3,80.0
Male,16,Bachelors,Standard,No,No,2.1,83.8,8.1,62.7,69.5,53.2,61.8
Male,17,High School,Standard,No,Yes,3.2,69.4,6.4,51.3,55.1,54.5,53.6
Male,17,High School,Standard,No,No,6.2,71.6,8.6,74.3,69.4,64.2,69.3
Female,18,Masters,Standard,No,Yes,5.6,45.7,4.2,64.2,71.4,66.6,67.4
Male,17,High School,Free/Reduced,No,Yes,5.2,92.4,7.7,60.9,81.1,47.9,63.3
Female,15,High School,Standard,No,No,1.1,72.4,5.8,57.3,57.3,69.5,61.4
Male,16,High School,Free/Reduced,No,Yes,5.2,84.7,8.4,53.2,53.2,45.0,50.5
Male,16,High School,Standard,No,No,3.5,76.9,7.0,75.5,74.0,71.7,73.7
Male,16,High School,Standard,No,No,5.6,83.8,6.0,56.4,55.4,57.0,56.3
Female,18,Bachelors,Standard,No,Yes,8.6,90.4,7.6,89.6,70.6,83.0,81.1
Male,18,Bachelors,Standard,Yes,Yes,3.7,79.9,7.9,85.5,91.8,84.7,87.3
Male,17,Masters,Standard,Yes,Yes,5.0,85.2,7.6,67.7,64.0,70.3,67.3
Female,16,Masters,Standard,No,Yes,11.9,91.7,5.6,88.9,79.0,94.6,87.5
Male,16,High School,Standard,No,Yes,5.5,81.8,6.2,75.5,84.5,79.8,79.9
Female,16,High School,Standard,No,Yes,4.7,71.1,6.8,72.7,67.0,69.3,69.7
Female,16,Bachelors,Free/Reduced,No,No,3.0,64.9,6.8,51.6,51.9,48.4,50.6
Male,16,Bachelors,Standard,Yes,No,7.1,78.5,7.7,72.9,87.6,89.7,83.4
Female,15,High School,Standard,No,No,2.7,64.1,4.4,57.9,49.7,63.5,57.0
Male,16,Bachelors,Free/Reduced,No,No,8.8,87.4,7.2,86.2,76.9,76.8,80.0
Female,15,Bachelors,Standard,No,Yes,6.6,44.2,6.5,53.7,58.9,52.5,55.0
Female,16,Bachelors,Standard,No,Yes,3.5,68.9,5.8,49.0,61.2,44.3,51.5
Male,18,Bachelors,Free/Reduced,No,No,3.1,84.7,5.9,58.0,48.4,54.9,53.8
Female,18,High School,Standard,Yes,No,3.1,82.1,6.5,68.9,75.2,57.1,67.1
Female,15,PhD,Free/Reduced,No,Yes,1.6,84.7,3.0,50.6,58.2,45.3,51.4
Female,16,Masters,Free/Reduced,No,No,6.0,54.9,6.0,68.7,55.2,81.2,68.4
Female,18,High School,Standard,No,No,1.2,86.5,5.7,45.5,54.9,48.2,49.5
Female,18,Masters,Standard,No,No,4.6,66.4,7.4,51.2,61.2,29.2,47.2
Male,16,Bachelors,Standard,Yes,Yes,4.4,85.9,6.8,66.9,67.4,74.6,69.6
Female,16,Masters,Standard,Yes,No,4.0,74.4,6.5,74.9,87.9,81.6,81.5
Male,18,Masters,Standard,Yes,No,6.0,69.0,8.7,75.0,87.1,70.1,77.4
Female,16,Bachelors,Free/Reduced,No,No,3.5,80.6,8.0,47.0,50.8,50.7,49.5
Male,17,High School,Standard,Yes,No,5.2,88.0,7.9,52.7,52.1,43.8,49.5
Male,16,High School,Standard,Yes,No,4.8,75.6,6.2,70.1,65.3,64.4,66.6
Female,18,Bachelors,Free/Reduced,No,No,6.4,59.6,7.5,71.7,74.4,81.7,75.9
Female,18,Bachelors,Free/Reduced,Yes,Yes,3.8,81.2,6.5,74.8,82.4,70.6,75.9
Female,15,High School,Standard,No,No,4.8,77.9,6.6,74.2,74.7,57.3,68.7
Male,17,High School,Standard,No,No,4.0,77.1,7.3,53.7,39.1,51.2,48.0
Female,18,Masters,Standard,No,No,4.4,99.1,6.1,64.2,77.4,61.6,67.7
Male,17,PhD,Standard,Yes,Yes,5.3,84.7,8.6,88.6,93.2,96.2,92.7
Male,16,Bachelors,Standard,Yes,Yes,2.1,86.5,6.6,73.6,73.5,71.7,72.9
Male,18,High School,Standard,No,No,1.8,42.7,7.5,53.1,62.9,47.7,54.6
Female,15,High School,Free/Reduced,No,No,2.9,92.1,8.5,32.2,47.4,38.5,39.4
Female,18,High School,Standard,No,No,6.2,71.0,8.0,56.8,37.4,55.8,50.0
Male,15,PhD,Standard,Yes,No,6.6,87.7,5.1,84.2,90.6,76.2,83.7
Male,17,High School,Standard,No,No,7.1,73.2,7.3,73.9,65.5,81.2,73.5
Female,15,Bachelors,Standard,No,No,2.9,56.2,7.8,67.8,74.8,67.4,70.0
Male,16,High School,Free/Reduced,No,No,5.0,75.7,7.9,57.1,61.1,55.1,57.8
Female,16,Bachelors,Free/Reduced,No,No,3.9,69.5,5.5,56.7,64.8,56.2,59.2
Male,16,Bachelors,Free/Reduced,No,No,4.5,74.5,6.0,58.2,57.2,47.6,54.3
Female,18,Masters,Standard,No,Yes,3.8,82.8,8.0,79.7,67.7,73.5,73.6
Male,16,High School,Standard,Yes,No,5.5,92.5,5.9,72.8,72.2,70.8,71.9
Female,16,High School,Standard,No,No,3.3,68.3,6.4,56.5,62.8,53.0,57.4
Male,18,High School,Standard,Yes,Yes,8.3,91.3,8.7,75.0,86.1,83.2,81.4
Female,17,PhD,Standard,No,Yes,8.4,96.9,6.7,92.0,85.6,91.7,89.8
Female,16,Masters,Free/Reduced,No,Yes,6.1,57.7,5.9,67.4,78.6,72.2,72.7
Male,16,Bachelors,Standard,Yes,Yes,7.8,67.1,5.7,78.2,76.0,76.3,76.8
Male,18,Bachelors,Standard,Yes,Yes,2.0,86.9,7.2,72.4,78.3,78.8,76.5
Female,17,Bachelors,Standard,Yes,Yes,8.6,82.2,5.2,93.1,92.0,94.3,93.1
Male,17,High School,Standard,No,No,5.8,89.5,6.5,69.9,74.4,68.0,70.8
Female,17,PhD,Standard,No,No,3.4,71.2,7.2,67.3,77.4,65.2,70.0
Male,18,Bachelors,Free/Reduced,Yes,Yes,3.2,88.0,8.4,71.3,64.5,61.6,65.8
Female,15,Bachelors,Free/Reduced,No,Yes,10.0,89.2,7.6,64.7,62.3,66.8,64.6
Female,15,Bachelors,Free/Reduced,No,No,7.1,71.6,5.9,52.4,56.9,50.1,53.1
Female,16,High School,Standard,Yes,Yes,4.4,93.0,8.2,72.5,94.7,66.5,77.9
Female,16,High School,Standard,Yes,No,2.0,71.2,6.4,62.3,58.4,69.1,63.3
Female,16,Masters,Standard,No,No,8.8,94.3,5.3,71.7,91.0,59.7,74.1
Female,15,High School,Standard,No,No,2.5,87.7,6.6,54.7,73.7,49.3,59.2
Male,18,Bachelors,Free/Reduced,No,Yes,3.9,95.8,8.5,55.6,57.9,61.9,58.5
Male,16,High School,Standard,Yes,No,4.4,88.5,7.0,63.8,64.4,64.3,64.2
Male,18,Bachelors,Standard,Yes,Yes,3.2,65.5,6.8,75.4,72.9,73.0,73.8
Female,16,High School,Standard,No,No,4.3,98.2,8.8,71.6,74.1,71.6,72.4
Female,18,Bachelors,Standard,Yes,No,4.7,87.1,5.1,70.2,61.9,69.6,67.2
Female,18,Masters,Free/Reduced,Yes,Yes,4.2,93.7,5.3,62.6,65.0,48.4,58.7
Female,15,High School,Standard,Yes,Yes,5.6,58.1,4.9,46.3,61.3,41.6,49.7
Male,18,Bachelors,Standard,No,Yes,10.2,62.2,7.2,94.7,92.8,100.0,95.8
Male,17,Bachelors,Standard,No,No,2.1,87.3,7.0,70.3,71.4,63.1,68.3
Female,15,Bachelors,Standard,No,Yes,5.2,51.1,8.7,55.7,45.1,51.2,50.7
Male,16,PhD,Free/Reduced,No,No,2.5,87.3,7.1,73.9,79.9,67.6,73.8
Male,15,Masters,Free/Reduced,Yes,Yes,2.0,71.7,6.3,59.3,64.4,56.6,60.1
Female,17,High School,Free/Reduced,No,No,7.5,89.8,6.8,61.6,65.2,55.0,60.6
Male,17,High School,Free/Reduced,Yes,No,5.4,83.2,6.9,66.2,67.5,68.1,67.3
Female,18,High School,Standard,No,No,1.9,86.1,4.8,44.7,45.4,44.3,44.8
Male,17,Bachelors,Free/Reduced,No,No,4.3,58.2,10.0,47.3,54.3,51.5,51.0
Female,17,High School,Standard,No,Yes,2.9,96.9,7.4,64.8,67.6,54.4,62.3
Female,17,Bachelors,Standard,Yes,Yes,1.1,97.3,7.1,63.3,68.8,58.6,63.6
Female,17,Bachelors,Free/Reduced,No,No,4.4,79.5,7.5,68.6,73.3,64.8,68.9
Female,16,High School,Standard,Yes,Yes,6.7,87.7,7.7,93.9,100.0,95.5,96.5
Male,16,Masters,Free/Reduced,No,Yes,6.4,68.1,6.6,59.8,68.3,51.5,59.9
Female,15,High School,Standard,No,Yes,3.9,83.1,6.0,43.0,47.6,48.3,46.3
Female,18,High School,Standard,No,Yes,7.7,78.0,7.5,52.2,67.3,59.7,59.7
Female,16,Masters,Free/Reduced,No,Yes,9.1,56.8,7.3,72.2,78.5,62.2,71.0
Male,17,Bachelors,Free/Reduced,No,No,6.8,80.0,5.8,57.4,70.8,51.5,59.9
Female,18,Bachelors,Standard,Yes,Yes,3.5,81.7,8.5,71.7,79.5,65.4,72.2
Male,16,Bachelors,Standard,No,No,4.5,72.4,7.2,69.2,57.5,88.3,71.7
Female,15,High School,Standard,Yes,Yes,10.0,81.1,7.7,66.3,79.7,60.9,69.0
Male,17,Masters,Standard,No,No,4.0,94.1,8.5,56.5,60.5,67.9,61.6
Male,18,Masters,Standard,No,Yes,6.4,91.3,6.8,83.9,86.5,71.8,80.7
Female,16,Bachelors,Free/Reduced,No,No,3.2,73.6,7.2,58.1,63.4,48.2,56.6
Male,18,High School,Standard,No,No,7.7,78.0,7.8,67.2,67.4,59.7,64.8
Female,16,Bachelors,Free/Reduced,No,Yes,3.0,85.3,5.9,39.0,43.8,30.2,37.7
Female,15,Bachelors,Standard,Yes,No,4.6,90.3,6.9,80.0,78.3,75.9,78.1
Female,17,High School,Standard,No,No,6.3,86.8,7.0,81.9,95.1,74.3,83.8
Male,15,PhD,Free/Reduced,Yes,No,11.0,86.5,5.7,91.9,94.0,83.4,89.8
Male,17,High School,Standard,No,No,5.3,72.1,9.6,50.9,50.9,58.2,53.3
Female,17,PhD,Standard,Yes,Yes,4.1,91.4,5.1,79.2,74.8,87.0,80.3
Female,18,Bachelors,Standard,Yes,No,4.0,99.1,5.2,57.8,62.9,63.4,61.4
Male,16,High School,Free/Reduced,No,Yes,7.6,86.3,8.4,74.1,78.6,76.3,76.3
Female,15,Bachelors,Free/Reduced,Yes,Yes,6.0,78.9,7.7,70.3,76.4,69.0,71.9
Female,15,Masters,Standard,No,No,6.6,58.7,5.6,53.6,48.4,47.7,49.9
Female,15,Masters,Standard,Yes,Yes,9.7,83.4,7.5,90.6,80.8,80.9,84.1
Male,18,Masters,Standard,Yes,No,4.9,58.1,8.6,77.4,85.4,78.3,80.4
Male,18,Bachelors,Free/Reduced,No,No,5.8,83.5,6.8,61.4,76.3,50.0,62.6
Male,18,Bachelors,Free/Reduced,Yes,No,3.9,59.4,9.9,51.4,46.2,41.5,46.4
Female,17,Masters,Standard,Yes,No,3.1,92.9,4.7,59.3,75.0,66.5,66.9
Female,15,High School,Standard,No,Yes,3.4,61.9,7.6,62.9,68.1,76.1,69.0
Female,17,Bachelors,Standard,Yes,Yes,0.9,83.2,8.2,57.4,60.4,58.6,58.8
Male,15,High School,Free/Reduced,No,Yes,6.2,85.7,7.9,39.4,39.2,46.3,41.6
Female,15,PhD,Free/Reduced,Yes,Yes,5.9,58.3,6.6,68.2,60.1,64.2,64.2
Female,16,PhD,Standard,Yes,Yes,6.2,77.1,6.5,94.4,100.0,81.7,92.0
Female,15,High School,Standard,No,Yes,3.0,98.2,7.3,60.0,56.8,62.9,59.9
Female,18,Masters,Standard,Yes,No,3.5,56.9,7.8,88.2,85.0,90.8,88.0
Male,18,PhD,Free/Reduced,Yes,No,3.4,68.7,7.5,74.3,85.2,72.8,77.4
Male,18,High School,Standard,Yes,Yes,8.1,79.9,8.0,79.8,67.7,75.8,74.4
Female,16,Bachelors,Free/Reduced,Yes,No,5.2,74.4,5.6,60.9,51.7,66.6,59.7
Male,16,PhD,Standard,No,Yes,4.9,95.5,6.5,80.6,83.4,70.7,78.2
Male,17,High School,Standard,Yes,Yes,6.9,89.0,5.7,69.4,74.7,61.2,68.4
Female,15,Bachelors,Standard,No,No,3.4,83.1,6.3,62.1,69.0,52.0,61.0
Female,15,High School,Standard,No,No,5.7,52.7,8.0,65.5,66.1,64.2,65.3
Male,18,PhD,Standard,No,No,11.7,81.5,6.9,87.5,100.0,76.8,88.1
Female,18,PhD,Free/Reduced,No,Yes,8.8,87.8,9.9,67.4,68.6,60.0,65.3
Male,18,PhD,Standard,Yes,No,5.7,81.1,7.0,74.2,75.3,66.5,72.0
Female,18,Bachelors,Standard,No,No,5.0,69.5,6.9,88.2,84.9,84.2,85.8
Male,18,Masters,Standard,Yes,No,6.1,80.7,6.9,87.4,91.4,73.5,84.1
Female,18,Masters,Free/Reduced,No,No,9.4,80.1,6.0,79.4,87.3,78.1,81.6
Male,15,High School,Free/Reduced,No,No,9.0,66.6,6.7,52.5,65.1,60.5,59.4
Male,16,Masters,Standard,Yes,No,10.1,90.5,8.2,100.0,91.7,99.7,97.1
Male,18,High School,Free/Reduced,No,No,5.4,72.2,6.9,54.3,55.3,64.6,58.1
Female,15,Bachelors,Standard,No,No,1.2,83.3,5.8,60.3,66.9,69.0,65.4
Male,18,High School,Standard,Yes,No,11.3,67.6,5.7,69.0,76.7,73.2,73.0
Male,17,High School,Free/Reduced,Yes,Yes,3.1,94.1,6.3,58.4,61.4,57.0,58.9
Female,17,High School,Free/Reduced,No,No,1.3,67.5,6.9,39.5,46.8,37.7,41.3
Female,15,Bachelors,Free/Reduced,No,Yes,6.9,62.7,8.2,55.3,51.9,59.4,55.5
Male,16,High School,Standard,No,Yes,1.3,73.4,5.2,56.1,71.6,51.0,59.6
Male,17,Masters,Standard,No,No,4.8,67.7,6.4,55.3,66.2,38.2,53.2
Female,17,High School,Free/Reduced,No,No,1.2,93.1,7.0,55.0,47.2,56.9,53.0
Female,16,High School,Standard,No,No,4.0,69.0,4.6,60.2,54.6,49.1,54.6
Female,17,Bachelors,Standard,Yes,Yes,10.1,97.0,5.8,79.6,74.2,69.9,74.6
Female,18,Masters,Standard,Yes,No,5.7,77.5,6.0,69.9,78.3,67.9,72.0
Female,16,High School,Standard,No,Yes,4.8,87.8,5.8,60.3,53.0,57.6,57.0
Male,17,Bachelors,Standard,No,No,6.0,72.9,7.0,74.2,74.6,60.9,69.9
Female,16,Masters,Free/Reduced,Yes,No,0.7,92.7,6.6,60.4,67.1,59.8,62.4
Male,18,Bachelors,Standard,Yes,No,3.4,86.4,6.1,73.7,76.2,79.4,76.4
Male,17,High School,Standard,No,No,3.7,72.6,7.3,77.7,82.8,66.7,75.7
Male,15,High School,Standard,No,No,6.5,96.2,8.9,64.5,59.0,72.7,65.4
Female,17,Masters,Free/Reduced,No,No,2.7,74.6,8.8,41.0,48.8,26.5,38.8
Male,17,High School,Standard,No,Yes,5.3,75.0,4.5,66.0,64.1,81.0,70.4
Male,18,Masters,Standard,Yes,No,4.6,85.7,7.5,97.7,98.1,92.4,96.1
Female,15,Bachelors,Free/Reduced,Yes,No,3.5,75.7,6.6,64.4,69.3,63.6,65.8
Male,15,PhD,Free/Reduced,Yes,No,3.6,59.1,7.0,56.2,60.1,39.1,51.8
Male,15,Masters,Free/Reduced,Yes,Yes,4.6,97.2,6.3,71.1,74.3,68.6,71.3
Female,18,PhD,Free/Reduced,No,No,1.5,66.8,6.9,47.9,44.9,47.7,46.8
Male,18,Bachelors,Standard,No,Yes,7.0,63.7,7.0,78.4,79.0,75.7,77.7
Male,18,Masters,Free/Reduced,No,No,3.1,88.5,6.1,48.5,51.5,42.0,47.3
Male,18,Bachelors,Standard,No,No,4.1,82.6,5.7,62.3,54.3,52.8,56.5
Female,18,Bachelors,Free/Reduced,Yes,No,10.0,80.4,6.3,67.6,66.9,74.7,69.7
Female,15,Bachelors,Free/Reduced,No,No,7.1,85.4,7.1,70.5,76.6,68.8,72.0
Female,16,Masters,Free/Reduced,No,Yes,2.4,92.8,7.5,61.0,53.8,71.3,62.0
Male,18,PhD,Free/Reduced,No,Yes,0.6,87.0,7.8,63.7,76.0,57.5,65.7
Male,16,Masters,Standard,Yes,No,6.2,54.2,6.8,75.0,88.2,69.5,77.6
Female,17,Bachelors,Standard,No,No,4.2,50.7,7.1,52.2,45.2,56.7,51.4
Male,17,Bachelors,Free/Reduced,No,Yes,5.3,91.3,8.0,71.9,85.7,56.9,71.5
Male,18,Masters,Free/Reduced,Yes,No,6.9,99.6,8.2,79.6,81.5,67.9,76.3
Female,17,High School,Standard,Yes,No,7.5,88.8,6.7,66.2,72.5,72.9,70.5
Female,16,High School,Standard,No,No,3.8,76.2,6.5,81.5,80.6,70.2,77.4
Male,17,Bachelors,Standard,No,No,4.5,82.7,7.0,74.4,84.8,57.8,72.3
Male,17,High School,Free/Reduced,Yes,Yes,5.8,78.5,5.4,56.6,62.8,69.5,63.0
Male,16,High School,Free/Reduced,No,Yes,6.0,85.1,6.6,73.2,69.7,60.1,67.7
Female,17,High School,Standard,Yes,No,5.3,86.0,7.7,89.6,83.3,89.1,87.3
Female,18,High School,Standard,No,No,9.4,80.6,7.6,75.5,66.8,74.0,72.1
Female,16,High School,Free/Reduced,Yes,No,6.0,80.3,6.5,65.2,69.8,40.8,58.6
Female,16,PhD,Free/Reduced,No,No,6.9,90.8,7.1,69.0,76.6,64.9,70.2
Male,15,Bachelors,Standard,Yes,No,5.5,75.0,5.8,70.1,78.3,71.7,73.4
Female,15,Bachelors,Standard,Yes,No,2.7,75.0,7.6,66.3,68.3,67.1,67.2
Female,16,Bachelors,Standard,Yes,No,3.4,88.5,6.7,73.2,66.9,78.4,72.8
Female,16,High School,Standard,Yes,No,2.4,92.5,6.5,66.4,64.0,61.3,63.9
Female,15,PhD,Standard,No,Yes,7.9,90.4,6.4,93.3,100.0,97.0,96.8
Female,18,Masters,Free/Reduced,Yes,Yes,1.9,85.7,6.7,66.2,65.3,58.7,63.4
Male,17,High School,Free/Reduced,No,No,4.4,87.5,6.3,42.6,46.7,29.3,39.5
Male,17,Bachelors,Standard,Yes,Yes,3.9,72.8,7.6,61.5,55.9,49.1,55.5
Female,17,Masters,Free/Reduced,Yes,No,3.9,63.0,6.3,57.5,63.2,43.8,54.8
Male,16,PhD,Standard,Yes,No,4.0,49.7,6.8,69.5,68.8,75.6,71.3
Female,18,Bachelors,Standard,Yes,No,10.3,89.6,8.6,99.3,100.0,85.1,94.8
Female,15,Bachelors,Standard,Yes,Yes,1.4,82.6,5.7,50.7,59.9,50.9,53.8
Male,18,High School,Standard,No,Yes,4.8,76.0,6.9,69.5,68.6,65.4,67.8
Male,18,PhD,Free/Reduced,No,Yes,4.2,87.6,6.0,78.0,80.0,75.2,77.7
Female,17,High School,Free/Reduced,No,Yes,7.2,68.6,6.4,55.1,53.7,64.0,57.6
Female,15,PhD,Standard,No,Yes,5.0,92.4,9.2,83.7,75.3,78.2,79.1
Female,18,Bachelors,Standard,No,No,2.5,36.5,6.8,51.4,47.5,54.3,51.1
Male,15,Bachelors,Free/Reduced,Yes,No,9.2,73.2,7.2,78.8,83.4,77.2,79.8
Female,16,Bachelors,Standard,No,No,8.5,97.9,7.4,82.1,87.7,78.9,82.9
Female,17,High School,Standard,No,No,2.6,64.7,5.6,57.9,62.1,74.3,64.8
Female,15,High School,Free/Reduced,No,Yes,6.4,97.9,5.8,45.5,46.1,31.9,41.2
Male,16,High School,Standard,No,No,3.4,61.4,5.4,48.5,58.9,56.8,54.7
Female,16,High School,Standard,Yes,No,1.9,69.6,5.7,57.7,61.2,61.0,60.0
Female,16,Masters,Standard,No,Yes,3.1,73.9,3.4,65.4,74.0,59.6,66.3
Male,18,Bachelors,Free/Reduced,No,No,9.0,91.5,7.5,91.5,80.3,100.0,90.6
Female,18,High School,Standard,No,Yes,7.3,75.8,9.3,62.3,33.9,45.5,47.2
Female,17,PhD,Standard,No,No,4.1,57.3,7.0,86.8,92.1,80.6,86.5
Male,17,Masters,Free/Reduced,Yes,No,9.0,94.7,5.1,73.7,65.3,62.0,67.0
Female,16,PhD,Standard,Yes,Yes,8.2,87.4,6.0,100.0,100.0,100.0,100.0
Male,17,PhD,Free/Reduced,No,No,3.1,85.6,6.2,73.8,74.4,62.9,70.4
Male,18,High School,Standard,No,No,10.1,85.1,5.6,66.1,81.8,67.6,71.8
Female,17,Bachelors,Free/Reduced,Yes,No,3.9,94.1,7.8,70.2,76.4,66.7,71.1
Female,15,Masters,Standard,Yes,No,4.2,42.4,7.8,69.0,73.3,63.1,68.5
Female,18,Bachelors,Standard,Yes,No,1.4,83.1,5.4,67.9,77.6,69.0,71.5
Female,16,High School,Standard,Yes,Yes,3.4,94.1,7.7,65.8,71.8,61.7,66.4
Male,16,Masters,Standard,No,Yes,4.4,76.8,8.6,68.5,67.9,57.8,64.7
Female,17,High School,Free/Reduced,No,Yes,5.6,72.2,9.1,67.1,78.7,87.6,77.8
Male,18,High School,Free/Reduced,Yes,No,2.5,82.5,10.0,48.4,42.5,42.5,44.5
Female,16,Bachelors,Standard,Yes,No,3.2,56.2,5.7,69.4,75.0,49.7,64.7
Female,16,Bachelors,Standard,Yes,No,10.2,70.7,6.8,78.6,69.2,69.8,72.5
Female,18,Bachelors,Free/Reduced,Yes,No,8.0,96.1,6.4,92.9,97.5,80.7,90.4
Male,18,High School,Free/Reduced,No,Yes,8.7,85.1,6.1,58.1,62.6,62.7,61.1
Female,16,Masters,Standard,No,Yes,4.6,61.0,7.2,64.5,80.9,65.1,70.2
Female,17,High School,Standard,No,Yes,5.7,66.1,6.1,76.1,66.6,77.3,73.3
Female,17,High School,Standard,Yes,Yes,6.5,87.7,7.3,70.2,68.4,65.3,68.0
Female,17,Masters,Free/Reduced,No,Yes,4.8,93.1,5.2,95.0,100.0,90.8,95.3
Male,15,PhD,Standard,No,No,1.9,76.7,6.5,78.2,83.9,73.3,78.5
Female,18,Masters,Standard,No,Yes,3.6,85.7,8.3,70.7,75.1,68.0,71.3
Male,16,Masters,Standard,No,Yes,5.4,88.5,6.7,59.4,54.7,64.1,59.4
Male,15,Bachelors,Free/Reduced,Yes,Yes,5.0,94.8,7.0,69.4,67.7,70.1,69.1
Male,17,Bachelors,Standard,Yes,Yes,3.1,80.5,7.4,71.5,84.5,73.5,76.5
Male,15,High School,Standard,Yes,No,6.2,97.7,8.2,86.5,89.1,88.5,88.0
Male,16,Bachelors,Standard,Yes,No,3.7,90.9,4.8,83.8,89.8,88.8,87.5
Male,16,Bachelors,Standard,Yes,No,4.8,60.7,7.5,64.0,66.1,64.3,64.8
Female,18,High School,Standard,No,Yes,4.8,86.4,6.5,75.4,68.9,76.2,73.5
Male,17,Masters,Standard,No,Yes,4.8,91.5,7.0,82.4,92.9,89.9,88.4
Male,17,Bachelors,Standard,No,No,7.0,85.5,8.1,87.2,94.3,79.9,87.1
Male,15,High School,Standard,Yes,Yes,7.7,76.6,5.4,75.6,97.1,66.8,79.8
Female,17,High School,Standard,No,Yes,3.2,47.6,5.6,29.6,24.5,20.0,24.7
Female,15,Bachelors,Free/Reduced,No,Yes,3.7,76.8,4.5,50.5,60.0,49.9,53.5
Male,16,High School,Free/Reduced,No,Yes,2.7,77.5,6.1,36.0,28.5,20.0,28.2
Female,16,Masters,Standard,No,Yes,4.7,85.4,8.4,72.7,77.0,74.4,74.7
Male,16,Bachelors,Free/Reduced,No,Yes,5.6,77.0,6.7,72.3,83.1,69.4,74.9
Male,16,Bachelors,Standard,No,No,4.0,88.6,5.2,68.2,54.6,75.3,66.0
Female,16,Bachelors,Standard,Yes,Yes,5.5,53.7,6.2,79.3,80.7,72.0,77.3
Male,15,Masters,Standard,Yes,Yes,3.6,97.8,5.0,78.0,76.5,74.4,76.3
Female,16,High School,Standard,Yes,No,3.7,89.4,5.4,50.1,47.4,57.0,51.5
Female,15,Bachelors,Free/Reduced,Yes,Yes,5.7,96.1,7.3,47.2,53.3,56.3,52.3
Male,16,Bachelors,Free/Reduced,Yes,Yes,3.8,76.9,5.4,60.0,72.0,52.6,61.5
Male,15,High School,Free/Reduced,No,No,4.6,88.5,8.1,54.8,56.7,54.2,55.2
Female,15,Masters,Standard,No,Yes,5.8,84.9,6.7,68.0,72.6,68.4,69.7
Male,15,Masters,Standard,No,Yes,5.5,77.0,6.9,58.7,62.6,59.7,60.3
Male,17,Bachelors,Standard,Yes,No,3.6,71.6,6.5,60.3,63.3,56.2,59.9
Male,15,Masters,Standard,No,Yes,8.1,76.0,6.8,81.3,75.6,89.6,82.2
Female,15,Masters,Standard,No,No,1.8,79.6,7.7,74.3,86.2,57.2,72.6
Female,16,Masters,Standard,Yes,No,0.5,72.1,7.2,68.3,73.7,62.9,68.3
Male,15,Masters,Standard,No,Yes,6.3,98.4,7.5,100.0,100.0,100.0,100.0
Female,15,Bachelors,Standard,Yes,No,5.4,88.0,6.5,65.6,62.1,67.2,65.0
Female,18,Bachelors,Free/Reduced,Yes,No,2.5,42.0,7.5,61.5,60.9,70.4,64.3
Female,17,Bachelors,Free/Reduced,No,Yes,5.0,74.4,6.4,60.1,61.7,67.7,63.2
Female,18,Masters,Free/Reduced,Yes,No,3.4,82.2,6.8,74.1,64.8,69.8,69.6
Female,16,High School,Standard,No,Yes,6.1,77.4,6.5,61.0,50.5,69.4,60.3
Male,17,Masters,Standard,No,No,0.6,78.4,6.3,72.5,70.7,64.8,69.3
Male,17,Masters,Standard,No,Yes,4.2,59.8,6.0,69.3,76.5,74.7,73.5
Male,18,High School,Free/Reduced,Yes,No,3.5,85.3,7.4,51.8,49.6,64.3,55.2
Female,17,Masters,Standard,Yes,Yes,7.0,85.7,8.4,84.7,79.5,92.4,85.5
Female,18,High School,Standard,Yes,No,1.5,69.1,6.8,54.0,50.4,52.8,52.4
Male,15,High School,Free/Reduced,No,Yes,4.9,88.2,5.3,58.5,57.9,53.9,56.8
Female,18,Masters,Standard,No,Yes,6.3,78.7,8.3,65.9,66.1,51.7,61.2
Male,17,High School,Standard,Yes,No,11.0,91.6,6.4,84.7,100.0,85.2,90.0
Male,17,Masters,Standard,No,No,3.7,57.1,7.5,72.1,83.6,61.2,72.3
Male,16,Masters,Standard,No,No,5.6,97.1,5.7,77.7,88.9,69.4,78.7
Female,16,Bachelors,Standard,Yes,No,1.5,65.2,7.0,75.5,87.8,63.9,75.7
Female,16,High School,Standard,No,No,4.8,73.8,7.2,70.7,65.7,65.0,67.1
Male,16,High School,Standard,No,No,8.3,71.3,5.0,65.9,59.2,63.7,62.9
Male,17,Bachelors,Standard,Yes,Yes,11.1,69.5,7.5,91.3,85.5,91.5,89.4
Male,16,PhD,Free/Reduced,Yes,No,5.9,82.6,8.4,80.2,93.9,73.4,82.5
Male,18,Bachelors,Standard,No,No,1.8,40.2,6.6,56.3,54.9,62.9,58.0
Female,15,High School,Standard,No,No,9.0,91.5,8.4,58.0,51.0,54.4,54.5
Female,17,Bachelors,Standard,No,No,4.8,86.8,6.6,59.5,59.1,51.2,56.6
Male,16,Bachelors,Free/Reduced,No,Yes,2.4,65.4,7.8,38.0,39.1,37.8,38.3
Male,17,Masters,Standard,Yes,Yes,9.4,65.7,4.1,93.2,98.3,100.0,97.2
Female,16,High School,Standard,Yes,No,4.6,82.4,9.7,63.0,68.0,63.7,64.9
Female,17,Masters,Free/Reduced,No,No,3.4,89.5,8.6,61.8,58.2,56.9,59.0
Male,16,Bachelors,Free/Reduced,Yes,No,6.7,76.4,6.5,77.7,86.2,63.5,75.8
Male,15,PhD,Standard,Yes,No,5.2,67.1,4.4,78.8,76.6,75.0,76.8
Male,16,High School,Free/Reduced,No,No,8.0,96.2,7.1,56.7,58.4,56.6,57.2
Female,18,Bachelors,Standard,No,Yes,5.3,58.3,5.1,60.9,69.4,55.8,62.0
Female,17,PhD,Standard,No,No,5.4,84.3,7.3,78.7,76.6,63.4,72.9
Female,17,High School,Standard,No,Yes,7.8,80.2,7.3,55.0,53.4,46.2,51.5
Male,18,PhD,Standard,Yes,Yes,4.5,97.1,5.7,75.6,83.4,85.3,81.4
Male,18,Bachelors,Free/Reduced,No,No,2.9,79.4,8.1,54.7,50.8,64.1,56.5
Female,15,High School,Standard,Yes,No,6.9,94.3,7.8,75.8,75.7,66.7,72.7
Female,17,High School,Standard,No,Yes,4.1,91.7,8.0,49.8,57.2,53.1,53.4
Male,15,Masters,Free/Reduced,No,Yes,5.5,67.2,6.8,76.8,96.3,65.4,79.5
Female,17,High School,Free/Reduced,No,No,1.3,79.9,5.1,40.9,48.8,50.2,46.6
Female,17,Bachelors,Standard,No,Yes,4.4,74.8,8.0,68.0,74.8,68.0,70.3
Male,15,High School,Standard,No,No,3.6,83.8,6.5,64.3,71.6,69.9,68.6
Female,17,Bachelors,Standard,Yes,No,1.3,73.2,5.1,50.6,45.0,34.9,43.5
Male,17,High School,Free/Reduced,No,No,4.5,60.6,8.4,54.3,58.3,57.8,56.8
Male,15,Masters,Free/Reduced,No,No,4.6,96.3,9.3,63.0,65.7,60.9,63.2
Male,16,PhD,Free/Reduced,Yes,Yes,5.7,78.4,6.8,67.3,72.9,72.2,70.8
Male,15,PhD,Standard,No,No,8.3,93.2,9.4,93.1,97.0,98.4,96.2
Male,17,Masters,Standard,No,Yes,7.6,67.2,6.9,94.0,100.0,92.5,95.5
Male,18,High School,Standard,Yes,No,3.7,93.0,6.3,73.3,73.8,66.5,71.2
